user_id,vin,start_time,lon1,lat1,end_time,lon2,lat2,client_app_id,connect_duration
163559307596529838,LGWFF6A50LH250003,2026-01-08 17:43:27,,,2026-01-08 17:49:51,,,3,383
163559307596529838,LGWFF6A50LH250003,2025-05-13 21:32:24,,,2025-05-13 21:32:27,,,4,2
163559307596529838,LGWFF6A50LH250003,2025-05-13 21:32:28,115.45939856666668,38.8323174,2025-05-13 21:34:11,115.45939856666668,38.8323174,4,103
163559307596529838,LGWFF6A50LH250003,2025-05-13 21:34:45,115.459398,38.832318,2025-05-13 21:37:41,115.459398,38.832318,4,176
163559307596529838,LGWFF6A50LH250003,2025-05-13 21:37:41,,,2025-05-13 21:37:41,,,3,0
163559307596529838,LGWFF6A50LH250003,2025-05-13 21:37:45,,,2025-05-13 21:38:21,,,3,36
163559307596529838,LGWFF6A50LH250003,2025-05-13 21:38:21,,,2025-05-13 21:38:21,,,4,0
163559307596529838,LGWFF6A50LH250003,2025-05-13 21:39:29,,,2025-05-13 21:39:29,,,3,0
163559307596529838,LGWFF6A50LH250003,2025-05-13 21:40:59,,,2025-05-13 21:40:59,,,4,0
163559307596529838,LGWFF6A50LH250003,2025-05-13 21:41:15,,,2025-05-13 21:41:15,,,3,0
163559307596529838,LGWFF6A50LH250003,2025-05-13 21:41:57,115.45936066666668,38.83233453333333,2025-05-13 21:43:50,115.45936066666668,38.83233453333333,4,113
163559307596529838,LGWFF6A50LH250003,2025-05-13 21:43:50,,,2025-05-13 21:43:50,,,3,0
163559307596529838,LGWFF6A50LH250003,2025-05-13 21:45:01,,,2025-05-13 21:45:01,,,4,0
163559307596529838,LGWFF6A50LH250003,2025-05-13 21:46:54,,,2025-05-13 21:46:55,,,3,0
163559307596529838,LGWFF6A50LH250003,2025-05-13 21:47:12,115.45935668333335,38.83233466666666,2025-05-13 21:48:03,115.45935668333335,38.83233466666666,4,50
163559307596529838,LGWFF6A50LH250003,2025-05-13 21:48:04,115.45935648333334,38.832334550000006,2025-05-13 21:50:34,115.45935648333334,38.832334550000006,4,150
163559307596529838,LGWFF6A50LH250003,2025-05-14 07:45:28,,,2025-05-14 07:47:33,,,3,125
163559307596529838,LGWFF6A50LH250003,2025-05-14 07:47:48,,,2025-05-14 07:47:50,,,3,1
163559307596529838,LGWFF6A50LH250003,2025-05-14 07:47:50,,,2025-05-14 07:47:50,,,4,0
163559307596529838,LGWFF6A50LH250003,2025-05-14 07:47:54,,,2025-05-14 07:47:55,,,3,0
163559307596529838,LGWFF6A50LH250003,2025-05-14 07:48:22,115.45925531666666,38.83242298333333,2025-05-14 07:50:08,115.45925531666666,38.83242298333333,4,105
163559307596529838,LGWFF6A50LH250003,2025-05-14 07:50:08,,,2025-05-14 07:50:08,,,3,0
163559307596529838,LGWFF6A50LH250003,2025-05-14 07:51:15,115.502881,38.860433,2025-05-14 07:58:19,115.502881,38.860433,4,424
163559307596529838,LGWFF6A50LH250003,2025-05-14 07:58:19,,,2025-05-14 07:58:20,,,3,0
163559307596529838,LGWFF6A50LH250003,2025-05-14 07:58:35,115.45319990000002,38.80859816666667,2025-05-14 07:59:19,115.45319990000002,38.80859816666667,4,43
163559307596529838,LGWFF6A50LH250003,2025-05-14 07:59:20,115.45320213333336,38.80572283333333,2025-05-14 07:59:29,115.45320213333336,38.80572283333333,4,8
163559307596529838,LGWFF6A50LH250003,2025-05-14 07:59:29,,,2025-05-14 07:59:29,,,3,0
163559307596529838,LGWFF6A50LH250003,2025-05-14 07:59:57,,,2025-05-14 07:59:57,,,4,0
163559307596529838,LGWFF6A50LH250003,2025-05-14 07:59:58,,,2025-05-14 07:59:59,,,4,1
163559307596529838,LGWFF6A50LH250003,2025-05-14 07:59:59,,,2025-05-14 07:59:59,,,4,0
163559307596529838,LGWFF6A50LH250003,2025-05-14 08:02:17,115.45,38.81,2025-05-14 08:04:12,115.45,38.81,4,115
163559307596529838,LGWFF6A50LH250003,2025-05-14 08:08:37,,,2025-05-14 08:12:03,,,3,206
163559307596529838,LGWFF6A50LH250003,2025-05-14 08:12:06,,,2025-05-14 08:13:31,,,3,84
163559307596529838,LGWFF6A50LH250003,2025-05-14 10:41:33,,,2025-05-14 10:45:49,,,3,256
163559307596529838,LGWFF6A50LH250003,2025-05-14 17:53:10,115.45268258333331,38.81180938333333,2025-05-14 17:59:59,115.45268258333331,38.81180938333333,4,408
163559307596529838,LGWFF6A50LH250003,2025-05-14 18:00:01,115.45679,38.821207,2025-05-14 18:01:40,115.45679,38.821207,4,98
163559307596529838,LGWFF6A50LH250003,2025-05-14 18:01:40,115.44345693333337,38.876518450000006,2025-05-14 18:50:23,115.44345693333337,38.876518450000006,4,2922
163559307596529838,LGWFF6A50LH250003,2025-05-15 09:25:52,115.459351,38.832371,2025-05-15 09:29:44,115.459351,38.832371,4,231
163559307596529838,LGWFF6A50LH250003,2025-05-17 08:55:30,115.3574504,38.90371563333333,2025-05-17 08:58:50,115.3574504,38.90371563333333,4,200
163559307596529838,LGWFF6A50LH250003,2025-05-17 08:58:50,115.459371,38.83236,2025-05-17 09:18:58,115.459371,38.83236,4,1208
163559307596529838,LGWFF6A50LH250003,2025-05-17 09:18:58,115.382799,38.817692,2025-05-17 09:18:59,115.382799,38.817692,4,0
163559307596529838,LGWFF6A50LH250003,2025-05-17 09:18:59,115.382799,38.817692,2025-05-17 09:19:00,115.382799,38.817692,4,0
163559307596529838,LGWFF6A50LH250003,2025-05-17 09:19:01,115.382799,38.817692,2025-05-17 09:32:29,115.382799,38.817692,4,808
163559307596529838,LGWFF6A50LH250003,2025-05-17 09:32:29,109.87942686666663,22.745756066666665,2025-05-17 09:40:41,109.87942686666663,22.745756066666665,4,491
163559307596529838,LGWFF6A50LH250003,2025-05-17 09:40:42,115.19795846666666,38.77581356666667,2025-05-17 09:41:50,115.19795846666666,38.77581356666667,4,67
163559307596529838,LGWFF6A50LH250003,2025-05-17 09:41:50,115.45356078333334,38.900267066666665,2025-05-17 10:09:39,115.45356078333334,38.900267066666665,4,1668
163559307596529838,LGWFF6A50LH250003,2025-05-17 10:09:41,115.45321933333337,38.90018508333333,2025-05-17 10:34:34,115.45321933333337,38.90018508333333,4,1493
163559307596529838,LGWFF6A50LH250003,2025-05-17 10:34:34,114.94216575,38.93126011666666,2025-05-17 10:36:03,114.94216575,38.93126011666666,4,88
163559307596529838,LGWFF6A50LH250003,2025-05-17 10:36:20,114.925665,38.931006,2025-05-17 10:36:47,114.925665,38.931006,4,26
163559307596529838,LGWFF6A50LH250003,2025-05-17 10:36:47,115.45345369999998,38.9003915,2025-05-17 10:54:16,115.45345369999998,38.9003915,4,1048
163559307596529838,LGWFF6A50LH250003,2025-05-17 10:57:08,114.90734,38.936817,2025-05-17 10:59:24,114.90734,38.936817,4,136
163559307596529838,LGWFF6A50LH250003,2025-05-17 11:07:09,114.907349,38.936817,2025-05-17 11:09:40,114.907349,38.936817,4,151
163559307596529838,LGWFF6A50LH250003,2025-05-17 11:14:20,109.54892233333334,23.09031528333333,2025-05-17 11:17:06,109.54892233333334,23.09031528333333,4,165
163559307596529838,LGWFF6A50LH250003,2025-05-17 11:48:23,114.907366,38.936806,2025-05-17 11:50:46,114.907366,38.936806,4,143
163559307596529838,LGWFF6A50LH250003,2025-05-17 11:50:46,116.71613851666667,39.50417885,2025-05-17 11:52:10,116.71613851666667,39.50417885,4,84
163559307596529838,LGWFF6A50LH250003,2025-05-17 11:59:37,115.491717,38.804243,2025-05-17 12:00:47,115.491717,38.804243,4,69
163559307596529838,LGWFF6A50LH250003,2025-05-17 13:10:55,114.907293,38.936773,2025-05-17 13:12:26,114.907293,38.936773,4,90
163559307596529838,LGWFF6A50LH250003,2025-05-17 15:23:39,114.90739,38.936829,2025-05-17 15:25:04,114.90739,38.936829,4,84
163559307596529838,LGWFF6A50LH250003,2025-05-17 15:39:08,114.90741,38.936835,2025-05-17 15:40:30,114.90741,38.936835,4,81
163559307596529838,LGWFF6A50LH250003,2025-05-17 16:02:16,,,2025-05-17 16:02:27,,,4,11
163559307596529838,LGWFF6A50LH250003,2025-05-17 16:04:07,114.907344,38.936854,2025-05-17 16:08:07,114.907344,38.936854,4,239
163559307596529838,LGWFF6A50LH250003,2025-05-17 16:09:18,114.907386,38.936815,2025-05-17 16:09:34,114.907386,38.936815,4,15
163559307596529838,LGWFF6A50LH250003,2025-05-17 16:09:36,114.90741866666669,38.93679673333334,2025-05-17 16:11:54,114.90741866666669,38.93679673333334,4,138
163559307596529838,LGWFF6A50LH250003,2025-05-17 16:13:11,114.907411,38.936798,2025-05-17 16:15:19,114.907411,38.936798,4,127
163559307596529838,LGWFF6A50LH250003,2025-05-17 16:16:05,114.907335,38.936767,2025-05-17 16:25:19,114.907335,38.936767,4,554
163559307596529838,LGWFF6A50LH250003,2025-05-17 16:25:19,114.61862395,38.20752613333333,2025-05-17 16:30:36,114.61862395,38.20752613333333,4,317
163559307596529838,LGWFF6A50LH250003,2025-05-17 16:30:36,114.92355976666668,38.93269921666667,2025-05-17 16:30:47,114.92355976666668,38.93269921666667,4,10
163559307596529838,LGWFF6A50LH250003,2025-05-17 16:30:57,114.927336,38.930593,2025-05-17 16:36:46,114.927336,38.930593,4,349
163559307596529838,LGWFF6A50LH250003,2025-05-17 16:36:46,113.91472573333334,22.538569116666668,2025-05-17 16:37:00,113.91472573333334,22.538569116666668,4,14
163559307596529838,LGWFF6A50LH250003,2025-05-17 16:37:11,114.976487,38.922314,2025-05-17 16:37:35,114.976487,38.922314,4,24
163559307596529838,LGWFF6A50LH250003,2025-05-17 16:37:36,114.98175651666666,38.91928465,2025-05-17 16:37:47,114.98175651666666,38.91928465,4,11
163559307596529838,LGWFF6A50LH250003,2025-05-17 16:37:49,114.98335263333333,38.91844098333333,2025-05-17 16:38:19,114.98335263333333,38.91844098333333,4,30
163559307596529838,LGWFF6A50LH250003,2025-05-17 16:38:52,114.986403,38.915975,2025-05-17 16:39:55,114.986403,38.915975,4,62
163559307596529838,LGWFF6A50LH250003,2025-05-17 16:39:56,113.98,23.03,2025-05-17 16:40:38,113.98,23.03,4,42
163559307596529838,LGWFF6A50LH250003,2025-05-17 16:40:40,117.03866,39.387066,2025-05-17 16:59:36,117.03866,39.387066,4,1135
163559307596529838,LGWFF6A50LH250003,2025-05-17 16:59:36,115.49177666666668,38.804214183333336,2025-05-17 17:15:16,115.49177666666668,38.804214183333336,4,940
163559307596529838,LGWFF6A50LH250003,2025-05-17 17:15:18,115.49307721666668,38.768799566666665,2025-05-17 17:44:46,115.49307721666668,38.768799566666665,4,1768
163559307596529838,LGWFF6A50LH250003,2025-05-17 17:44:46,113.984671,23.031521,2025-05-17 17:45:37,113.984671,23.031521,4,51
163559307596529838,LGWFF6A50LH250003,2025-05-17 17:45:37,115.39992763333332,38.825641866666665,2025-05-17 17:47:26,115.39992763333332,38.825641866666665,4,108
163559307596529838,LGWFF6A50LH250003,2025-05-17 17:57:51,115.49179038333332,38.769430416666665,2025-05-17 17:59:05,115.49179038333332,38.769430416666665,4,73
163559307596529838,LGWFF6A50LH250003,2025-05-17 18:14:28,115.398408,38.825001,2025-05-17 18:20:43,115.398408,38.825001,4,374
163559307596529838,LGWFF6A50LH250003,2025-05-18 13:37:11,115.459364,38.832377,2025-05-18 13:41:22,115.459364,38.832377,4,250
163559307596529838,LGWFF6A50LH250003,2025-05-18 13:41:22,,,2025-05-18 13:45:06,,,4,224
163559307596529838,LGWFF6A50LH250003,2025-05-19 18:28:26,,,2025-05-19 18:28:44,,,3,17
163559307596529838,LGWFF6A50LH250003,2025-05-19 18:29:06,,,2025-05-19 18:30:38,,,3,91
163559307596529838,LGWFF6A50LH250003,2025-05-19 19:06:28,,,2025-05-19 19:06:47,,,3,18
163559307596529838,LGWFF6A50LH250003,2025-05-19 19:06:47,,,2025-05-19 19:06:55,,,3,8
163559307596529838,LGWFF6A50LH250003,2025-05-19 19:06:55,,,2025-05-19 19:06:55,,,3,0
163559307596529838,LGWFF6A50LH250003,2025-05-19 19:06:56,,,2025-05-19 19:07:34,,,3,38
163559307596529838,LGWFF6A50LH250003,2025-05-20 08:16:10,,,2025-05-20 08:18:35,,,3,145
163559307596529838,LGWFF6A50LH250003,2025-05-20 08:19:22,,,2025-05-20 08:19:35,,,3,12
163559307596529838,LGWFF6A50LH250003,2025-05-20 18:01:03,113.62714566666666,23.75070843333333,2025-05-20 18:04:43,113.62714566666666,23.75070843333333,4,220
163559307596529838,LGWFF6A50LH250003,2025-05-20 18:04:43,,,2025-05-20 18:04:43,,,3,0
163559307596529838,LGWFF6A50LH250003,2025-05-20 18:05:14,,,2025-05-20 18:05:14,,,4,0
163559307596529838,LGWFF6A50LH250003,2025-05-21 13:29:24,,,2025-05-21 13:31:47,,,3,143
163559307596529838,LGWFF6A50LH250003,2025-05-21 13:31:48,,,2025-05-21 13:32:18,,,3,30
163559307596529838,LGWFF6A50LH250003,2025-05-21 20:16:47,113.880691,23.06129,2025-05-21 20:18:33,113.880691,23.06129,4,105
163559307596529838,LGWFF6A50LH250003,2025-05-22 10:27:58,115.459458,38.832244,2025-05-22 10:28:42,115.459458,38.832244,4,43
163559307596529838,LGWFF6A50LH250003,2025-05-22 10:28:46,115.45943788333334,38.83233628333333,2025-05-22 10:35:39,115.45943788333334,38.83233628333333,4,412
163559307596529838,LGWFF6A50LH250003,2025-05-22 10:48:21,115.459422,38.832294,2025-05-22 10:49:27,115.459422,38.832294,4,66
163559307596529838,LGWFF6A50LH250003,2025-05-25 09:56:33,115.459422,38.832294,2025-05-25 09:56:43,115.459422,38.832294,4,9
163559307596529838,LGWFF6A50LH250003,2025-05-25 09:56:46,115.45940873333332,38.832606166666665,2025-05-25 10:15:37,115.45940873333332,38.832606166666665,4,1131
163559307596529838,LGWFF6A50LH250003,2025-05-25 10:45:25,115.448746,38.815714,2025-05-25 10:46:52,115.448746,38.815714,4,86
163559307596529838,LGWFF6A50LH250003,2025-05-25 10:46:55,115.49172681666666,38.769422166666665,2025-05-25 11:24:16,115.49172681666666,38.769422166666665,4,2240
163559307596529838,LGWFF6A50LH250003,2025-05-25 11:26:11,115.452926,38.811213,2025-05-25 11:26:49,115.452926,38.811213,4,37
163559307596529838,LGWFF6A50LH250003,2025-05-25 11:26:53,115.45292568333336,38.81121263333333,2025-05-25 11:29:34,115.45292568333336,38.81121263333333,4,161
163559307596529838,LGWFF6A50LH250003,2025-05-25 11:29:48,115.452926,38.811213,2025-05-25 11:31:20,115.452926,38.811213,4,92
163559307596529838,LGWFF6A50LH250003,2025-05-25 11:32:34,,,2025-05-25 11:32:44,,,3,10
163559307596529838,LGWFF6A50LH250003,2025-05-25 11:32:45,,,2025-05-25 11:33:07,,,3,22
163559307596529838,LGWFF6A50LH250003,2025-05-25 11:35:14,111.787592,32.821338,2025-05-25 11:36:50,111.787592,32.821338,4,95
163559307596529838,LGWFF6A50LH250003,2025-05-25 11:36:52,115.441755,38.918549,2025-05-25 11:50:02,115.441755,38.918549,4,789
163559307596529838,LGWFF6A50LH250003,2025-05-25 11:50:02,115.484881,38.857726,2025-05-25 11:51:45,115.484881,38.857726,4,102
163559307596529838,LGWFF6A50LH250003,2025-05-25 13:01:50,115.474699,38.85748,2025-05-25 13:02:23,115.474699,38.85748,4,33
163559307596529838,LGWFF6A50LH250003,2025-05-25 13:02:27,115.44620848333334,38.844100133333335,2025-05-25 13:19:43,115.44620848333334,38.844100133333335,4,1036
163559307596529838,LGWFF6A50LH250003,2025-05-26 20:57:46,115.459369,38.832378,2025-05-26 20:58:50,115.459369,38.832378,4,64
163559307596529838,LGWFF6A50LH250003,2025-05-30 07:48:01,115.459369,38.832378,2025-05-30 07:48:57,115.459369,38.832378,4,55
163559307596529838,LGWFF6A50LH250003,2025-05-30 07:49:03,115.491175,38.83086,2025-05-30 08:04:15,115.491175,38.83086,4,912
163559307596529838,LGWFF6A50LH250003,2025-05-30 17:35:44,,,2025-05-30 17:35:52,,,3,7
163559307596529838,LGWFF6A50LH250003,2025-05-30 17:36:36,,,2025-05-30 17:36:42,,,4,5
163559307596529838,LGWFF6A50LH250003,2025-05-30 17:36:45,115.45327491666669,38.80587706666667,2025-05-30 17:37:20,115.45327491666669,38.80587706666667,4,35
163559307596529838,LGWFF6A50LH250003,2025-05-30 17:37:24,115.45325216666669,38.807523116666665,2025-05-30 17:42:41,115.45325216666669,38.807523116666665,4,316
163559307596529838,LGWFF6A50LH250003,2025-05-30 17:42:42,115.45891856666668,38.820183633333336,2025-05-30 17:55:06,115.45891856666668,38.820183633333336,4,743
163559307596529838,LGWFF6A50LH250003,2025-05-30 17:55:06,,,2025-05-30 17:55:28,,,4,21
163559307596529838,LGWFF6A50LH250003,2025-05-30 17:55:28,,,2025-05-30 17:55:33,,,4,5
163559307596529838,LGWFF6A50LH250003,2025-05-30 17:55:37,115.481517,38.788157,2025-05-30 17:55:38,115.481517,38.788157,4,1
163559307596529838,LGWFF6A50LH250003,2025-05-30 17:55:41,115.481517,38.788157,2025-05-30 17:55:52,115.481517,38.788157,4,11
163559307596529838,LGWFF6A50LH250003,2025-05-30 17:55:53,115.5021608,38.786335066666666,2025-05-30 17:56:07,115.5021608,38.786335066666666,4,14
163559307596529838,LGWFF6A50LH250003,2025-05-30 17:56:07,114.490577,38.207936,2025-05-30 18:12:50,114.490577,38.207936,4,1003
163559307596529838,LGWFF6A50LH250003,2025-05-30 18:14:54,115.727094,38.647909,2025-05-30 18:16:37,115.727094,38.647909,4,102
163559307596529838,LGWFF6A50LH250003,2025-05-30 18:16:40,115.81303285,38.61375915,2025-05-30 18:17:14,115.81303285,38.61375915,4,34
163559307596529838,LGWFF6A50LH250003,2025-05-30 18:17:14,115.46186028333337,38.81159543333333,2025-05-30 18:36:44,115.46186028333337,38.81159543333333,4,1169
163559307596529838,LGWFF6A50LH250003,2025-05-30 18:36:44,115.463268,38.919943,2025-05-30 19:26:14,115.463268,38.919943,4,2970
163559307596529838,LGWFF6A50LH250003,2025-05-30 19:26:16,115.47747543333335,38.778500433333335,2025-05-30 20:20:43,115.47747543333335,38.778500433333335,4,3266
163559307596529838,LGWFF6A50LH250003,2025-05-30 20:41:28,116.64790853333334,40.05408668333334,2025-05-30 20:42:06,116.64790853333334,40.05408668333334,4,38
163559307596529838,LGWFF6A50LH250003,2025-05-30 20:42:11,117.23439126666666,37.89603071666667,2025-05-30 20:43:06,117.23439126666666,37.89603071666667,4,54
163559307596529838,LGWFF6A50LH250003,2025-05-30 20:43:08,115.49167898333332,38.770415666666665,2025-05-30 21:14:59,115.49167898333332,38.770415666666665,4,1910
163559307596529838,LGWFF6A50LH250003,2025-05-30 22:11:05,117.213828,38.047617,2025-05-30 22:12:37,117.213828,38.047617,4,92
163559307596529838,LGWFF6A50LH250003,2025-05-30 22:12:42,114.25878723333332,38.17959638333333,2025-05-30 22:39:25,114.25878723333332,38.17959638333333,4,1602
163559307596529838,LGWFF6A50LH250003,2025-05-31 09:17:40,115.458708,38.836834,2025-05-31 09:26:20,115.458708,38.836834,4,520
163559307596529838,LGWFF6A50LH250003,2025-05-31 10:13:26,117.244626,37.912505,2025-05-31 10:14:12,117.244626,37.912505,4,45
163559307596529838,LGWFF6A50LH250003,2025-05-31 10:14:17,117.24461843333332,37.91257453333333,2025-05-31 10:14:39,117.24461843333332,37.91257453333333,4,21
163559307596529838,LGWFF6A50LH250003,2025-05-31 10:14:42,117.24453878333334,37.911713266666666,2025-05-31 10:15:46,117.24453878333334,37.911713266666666,4,64
163559307596529838,LGWFF6A50LH250003,2025-05-31 10:16:45,117.242969,37.907713,2025-05-31 10:22:20,117.242969,37.907713,4,335
163559307596529838,LGWFF6A50LH250003,2025-05-31 14:39:15,115.27713996666668,38.45404655,2025-05-31 14:41:10,115.27713996666668,38.45404655,4,115
163559307596529838,LGWFF6A50LH250003,2025-05-31 14:41:17,117.23342958333332,37.89694454999999,2025-05-31 14:53:03,117.23342958333332,37.89694454999999,4,706
163559307596529838,LGWFF6A50LH250003,2025-05-31 14:53:19,117.261545,37.92992,2025-05-31 15:00:39,117.261545,37.92992,4,440
163559307596529838,LGWFF6A50LH250003,2025-05-31 15:33:22,117.2636,37.931299,2025-05-31 15:34:19,117.2636,37.931299,4,57
163559307596529838,LGWFF6A50LH250003,2025-05-31 15:34:23,115.5650707,38.9484552,2025-05-31 15:34:44,115.5650707,38.9484552,4,21
163559307596529838,LGWFF6A50LH250003,2025-05-31 15:34:47,117.26299306666668,37.93184895,2025-05-31 15:48:04,117.26299306666668,37.93184895,4,796
163559307596529838,LGWFF6A50LH250003,2025-05-31 21:11:29,,,2025-05-31 21:11:58,,,3,29
163559307596529838,LGWFF6A50LH250003,2025-05-31 21:12:17,,,2025-05-31 21:18:30,,,3,373
163559307596529838,LGWFF6A50LH250003,2025-05-31 21:18:33,,,2025-05-31 21:18:36,,,3,2
163559307596529838,LGWFF6A50LH250003,2025-05-31 21:18:37,,,2025-05-31 21:19:43,,,3,65
163559307596529838,LGWFF6A50LH250003,2025-06-01 08:19:37,115.281802,38.435923,2025-06-01 08:21:13,115.281802,38.435923,4,95
163559307596529838,LGWFF6A50LH250003,2025-06-01 08:54:22,117.234503,37.896013,2025-06-01 09:11:35,117.234503,37.896013,4,1033
163559307596529838,LGWFF6A50LH250003,2025-06-01 09:11:36,117.24741808333334,37.93501523333334,2025-06-01 09:29:23,117.24741808333334,37.93501523333334,4,1066
163559307596529838,LGWFF6A50LH250003,2025-06-01 11:38:33,117.315542,37.952029,2025-06-01 11:41:50,117.315542,37.952029,4,197
163559307596529838,LGWFF6A50LH250003,2025-06-01 13:10:58,117.31557,37.952082,2025-06-01 13:12:29,117.31557,37.952082,4,90
163559307596529838,LGWFF6A50LH250003,2025-06-01 15:44:35,116.992414,41.334225,2025-06-01 15:45:57,116.992414,41.334225,4,81
163559307596529838,LGWFF6A50LH250003,2025-06-02 06:49:11,117.315569,37.952055,2025-06-02 06:56:13,117.315569,37.952055,4,421
163559307596529838,LGWFF6A50LH250003,2025-06-02 07:21:17,115.56021536666668,38.603749916666665,2025-06-02 07:28:04,115.56021536666668,38.603749916666665,4,407
163559307596529838,LGWFF6A50LH250003,2025-06-02 07:53:25,117.224564,38.040183,2025-06-02 07:53:47,117.224564,38.040183,4,21
163559307596529838,LGWFF6A50LH250003,2025-06-02 07:54:03,117.224563,38.040197,2025-06-02 07:54:17,117.224563,38.040197,4,13
163559307596529838,LGWFF6A50LH250003,2025-06-02 07:54:32,,,2025-06-02 07:54:32,,,4,0
163559307596529838,LGWFF6A50LH250003,2025-06-02 07:54:35,117.224404,38.040223,2025-06-02 08:20:04,117.224404,38.040223,4,1528
163559307596529838,LGWFF6A50LH250003,2025-06-02 08:20:04,115.944693,37.343018,2025-06-02 08:42:30,115.944693,37.343018,4,1346
163559307596529838,LGWFF6A50LH250003,2025-06-02 14:11:21,117.234457,37.895881,2025-06-02 14:12:15,117.234457,37.895881,4,53
163559307596529838,LGWFF6A50LH250003,2025-06-02 14:12:35,115.4620618,38.87036948333333,2025-06-02 15:44:38,115.4620618,38.87036948333333,4,5523
163559307596529838,LGWFF6A50LH250003,2025-06-02 15:50:20,116.217787,38.428134,2025-06-02 15:53:04,116.217787,38.428134,4,164
163559307596529838,LGWFF6A50LH250003,2025-06-02 15:56:15,116.217864,38.428297,2025-06-02 16:09:11,116.217864,38.428297,4,776
163559307596529838,LGWFF6A50LH250003,2025-06-02 16:09:11,116.669903,40.567788,2025-06-02 16:32:12,116.669903,40.567788,4,1380
163559307596529838,LGWFF6A50LH250003,2025-06-02 16:32:13,115.61888776666667,38.72132016666667,2025-06-02 17:00:38,115.61888776666667,38.72132016666667,4,1704
163559307596529838,LGWFF6A50LH250003,2025-06-07 06:53:29,,,2025-06-07 06:53:38,,,3,8
163559307596529838,LGWFF6A50LH250003,2025-06-07 06:54:00,,,2025-06-07 06:54:59,,,3,58
163559307596529838,LGWFF6A50LH250003,2025-06-07 06:55:19,,,2025-06-07 06:57:11,,,3,112
163559307596529838,LGWFF6A50LH250003,2025-06-07 06:57:22,,,2025-06-07 06:59:45,,,3,142
163559307596529838,LGWFF6A50LH250003,2025-06-07 07:30:41,115.463287,38.919901,2025-06-07 07:31:28,115.463287,38.919901,4,46
163559307596529838,LGWFF6A50LH250003,2025-06-07 07:31:31,115.49041145,38.80494543333334,2025-06-07 07:32:56,115.49041145,38.80494543333334,4,85
163559307596529838,LGWFF6A50LH250003,2025-06-07 07:32:56,115.461479,38.915585,2025-06-07 07:33:43,115.461479,38.915585,4,46
163559307596529838,LGWFF6A50LH250003,2025-06-07 07:33:43,,,2025-06-07 07:33:43,,,3,0
163559307596529838,LGWFF6A50LH250003,2025-06-07 07:34:45,115.50479565,38.855718333333336,2025-06-07 08:13:41,115.50479565,38.855718333333336,4,2336
163559307596529838,LGWFF6A50LH250003,2025-06-07 17:44:43,115.458904,38.820263,2025-06-07 18:03:23,115.458904,38.820263,4,1119
163559307596529838,LGWFF6A50LH250003,2025-06-07 18:03:25,115.45995305,38.83069233333333,2025-06-07 18:03:33,115.45995305,38.83069233333333,4,7
163559307596529838,LGWFF6A50LH250003,2025-06-07 18:03:34,,,2025-06-07 18:03:34,,,4,0
163559307596529838,LGWFF6A50LH250003,2025-06-07 18:03:35,115.4589037,38.820263016666665,2025-06-07 18:08:06,115.4589037,38.820263016666665,4,271
163559307596529838,LGWFF6A50LH250003,2025-06-12 15:20:57,,,2025-06-12 15:23:06,,,3,129
163559307596529838,LGWFF6A50LH250003,2025-06-17 07:27:06,112.4,28.54,2025-06-17 07:27:36,112.4,28.54,4,29
163559307596529838,LGWFF6A50LH250003,2025-06-17 07:27:39,115.45934233333334,38.83232838333333,2025-06-17 07:28:12,115.45934233333334,38.83232838333333,4,32
163559307596529838,LGWFF6A50LH250003,2025-06-17 07:28:15,115.45939035,38.83231655,2025-06-17 07:29:37,115.45939035,38.83231655,4,82
163559307596529838,LGWFF6A50LH250003,2025-06-17 07:47:25,113.9,22.91,2025-06-17 07:58:12,113.9,22.91,4,647
163559307596529838,LGWFF6A50LH250003,2025-06-17 07:59:54,115.46,38.83,2025-06-17 08:04:46,115.46,38.83,4,292
163559307596529838,LGWFF6A50LH250003,2025-06-17 08:05:41,115.452874,38.810945,2025-06-17 08:06:15,115.452874,38.810945,4,33
163559307596529838,LGWFF6A50LH250003,2025-06-17 08:06:33,115.45325,38.808836,2025-06-17 08:10:43,115.45325,38.808836,4,250
163559307596529838,LGWFF6A50LH250003,2025-06-17 08:11:33,115.453211,38.805734,2025-06-17 08:12:41,115.453211,38.805734,4,68
163559307596529838,LGWFF6A50LH250003,2025-06-17 18:40:03,115.463425,38.832377,2025-06-17 18:54:24,115.463425,38.832377,4,860
163559307596529838,LGWFF6A50LH250003,2025-06-21 15:14:37,,,2025-06-21 15:14:53,,,3,15
163559307596529838,LGWFF6A50LH250003,2025-06-21 15:15:31,,,2025-06-21 15:16:30,,,3,58
163559307596529838,LGWFF6A50LH250003,2025-06-26 07:37:44,,,2025-06-26 07:38:02,,,4,18
163559307596529838,LGWFF6A50LH250003,2025-06-26 07:38:02,,,2025-06-26 07:38:02,,,3,0
163559307596529838,LGWFF6A50LH250003,2025-06-26 07:40:10,115.49041476666667,38.80491015,2025-06-26 07:57:28,115.49041476666667,38.80491015,4,1038
163559307596529838,LGWFF6A50LH250003,2025-06-26 18:43:43,115.453091,38.805706,2025-06-26 18:57:04,115.453091,38.805706,4,801
163559307596529838,LGWFF6A50LH250003,2025-06-26 18:59:17,115.45292,38.81115,2025-06-26 19:00:40,115.45292,38.81115,4,82
163559307596529838,LGWFF6A50LH250003,2025-06-26 19:02:07,115.452919,38.811149,2025-06-26 19:03:03,115.452919,38.811149,4,56
163559307596529838,LGWFF6A50LH250003,2025-06-26 19:03:07,115.45613323333332,38.81256451666666,2025-06-26 19:21:57,115.45613323333332,38.81256451666666,4,1130
163559307596529838,LGWFF6A50LH250003,2025-06-29 06:00:03,115.459357,38.832359,2025-06-29 06:01:16,115.459357,38.832359,4,72
163559307596529838,LGWFF6A50LH250003,2025-06-29 06:01:30,115.458803,38.831346,2025-06-29 06:01:34,115.458803,38.831346,4,4
163559307596529838,LGWFF6A50LH250003,2025-06-29 06:01:48,,,2025-06-29 06:01:48,,,4,0
163559307596529838,LGWFF6A50LH250003,2025-06-29 06:01:49,115.456196,38.831618,2025-06-29 06:33:47,115.456196,38.831618,4,1917
163559307596529838,LGWFF6A50LH250003,2025-06-29 06:43:39,117.0414949,39.35662978333333,2025-06-29 08:35:32,117.0414949,39.35662978333333,4,6712
163559307596529838,LGWFF6A50LH250003,2025-06-29 08:38:45,115.550288,38.869737,2025-06-29 09:15:46,115.550288,38.869737,4,2220
163559307596529838,LGWFF6A50LH250003,2025-06-29 09:15:46,,,2025-06-29 09:18:20,,,4,154
163559307596529838,LGWFF6A50LH250003,2025-06-29 09:18:20,114.63819663333334,39.57287421666667,2025-06-29 09:29:32,114.63819663333334,39.57287421666667,4,672
163559307596529838,LGWFF6A50LH250003,2025-06-29 10:30:47,115.459869,38.836846,2025-06-29 11:03:04,115.459869,38.836846,4,1936
163559307596529838,LGWFF6A50LH250003,2025-06-29 11:08:31,114.582274,39.831727,2025-06-29 11:09:38,114.582274,39.831727,4,66
163559307596529838,LGWFF6A50LH250003,2025-06-29 11:20:13,114.582268,39.831723,2025-06-29 11:21:07,114.582268,39.831723,4,53
163559307596529838,LGWFF6A50LH250003,2025-06-29 11:21:12,114.58228338333332,39.83248408333333,2025-06-29 11:23:28,114.58228338333332,39.83248408333333,4,136
163559307596529838,LGWFF6A50LH250003,2025-06-29 11:23:30,114.6,39.84,2025-06-29 11:31:31,114.6,39.84,4,481
163559307596529838,LGWFF6A50LH250003,2025-06-29 11:47:51,115.42,38.95,2025-06-29 12:11:22,115.42,38.95,4,1410
163559307596529838,LGWFF6A50LH250003,2025-06-29 13:11:54,115.491645,38.770398,2025-06-29 13:47:10,115.491645,38.770398,4,2115
163559307596529838,LGWFF6A50LH250003,2025-06-29 15:14:59,114.60272,39.836328,2025-06-29 15:16:02,114.60272,39.836328,4,63
163559307596529838,LGWFF6A50LH250003,2025-06-29 15:16:06,115.456672,38.835661,2025-06-29 15:46:13,115.456672,38.835661,4,1807
163559307596529838,LGWFF6A50LH250003,2025-06-29 15:46:13,,,2025-06-29 15:48:08,,,4,115
163559307596529838,LGWFF6A50LH250003,2025-06-29 15:48:08,114.0336979,22.633702366666665,2025-06-29 15:59:49,114.0336979,22.633702366666665,4,701
163559307596529838,LGWFF6A50LH250003,2025-06-29 18:42:27,114.662436,39.620722,2025-06-29 18:42:55,114.662436,39.620722,4,28
163559307596529838,LGWFF6A50LH250003,2025-06-29 18:42:59,115.46,38.83,2025-06-29 19:28:08,115.46,38.83,4,2708
163559307596529838,LGWFF6A50LH250003,2025-07-01 07:42:03,115.459386,38.83237,2025-07-01 07:49:18,115.459386,38.83237,4,434
163559307596529838,LGWFF6A50LH250003,2025-07-01 07:49:18,115.45998518333332,38.81238821666667,2025-07-01 07:50:16,115.45998518333332,38.81238821666667,4,58
163559307596529838,LGWFF6A50LH250003,2025-07-01 07:50:16,115.45687843333332,38.812552933333336,2025-07-01 07:52:46,115.45687843333332,38.812552933333336,4,150
163559307596529838,LGWFF6A50LH250003,2025-07-01 07:55:29,115.452863,38.81093,2025-07-01 08:01:02,115.452863,38.81093,4,332
163559307596529838,LGWFF6A50LH250003,2025-07-01 18:00:22,115.453201,38.805867,2025-07-01 18:05:04,115.453201,38.805867,4,282
163559307596529838,LGWFF6A50LH250003,2025-07-01 18:05:06,115.46281071666664,38.85939035,2025-07-01 18:17:28,115.46281071666664,38.85939035,4,741
163559307596529838,LGWFF6A50LH250003,2025-07-04 10:26:36,115.45937,38.832379,2025-07-04 10:30:25,115.45937,38.832379,4,229
163559307596529838,LGWFF6A50LH250003,2025-07-04 19:00:57,115.459432,38.832375,2025-07-04 19:03:57,115.459432,38.832375,4,180
163559307596529838,LGWFF6A50LH250003,2025-07-11 22:13:13,,,2025-07-11 22:13:20,,,3,7
163559307596529838,LGWFF6A50LH250003,2025-07-11 22:13:49,,,2025-07-11 22:14:06,,,3,16
163559307596529838,LGWFF6A50LH250003,2025-07-13 11:42:32,115.46,38.83,2025-07-13 11:47:43,115.46,38.83,4,311
163559307596529838,LGWFF6A50LH250003,2025-07-13 12:00:15,115.459424,38.832268,2025-07-13 12:03:23,115.459424,38.832268,4,187
163559307596529838,LGWFF6A50LH250003,2025-07-13 17:17:18,115.459442,38.832227,2025-07-13 17:20:50,115.459442,38.832227,4,212
163559307596529838,LGWFF6A50LH250003,2025-07-13 20:03:43,115.459391,38.832309,2025-07-13 20:04:41,115.459391,38.832309,4,57
163559307596529838,LGWFF6A50LH250003,2025-07-13 20:04:44,115.45946526666668,38.83236475,2025-07-13 20:06:18,115.45946526666668,38.83236475,4,94
163559307596529838,LGWFF6A50LH250003,2025-07-13 20:08:03,115.45951,38.83235,2025-07-13 20:10:29,115.45951,38.83235,4,146
163559307596529838,LGWFF6A50LH250003,2025-07-13 20:12:15,115.459591,38.832309,2025-07-13 20:13:35,115.459591,38.832309,4,79
163559307596529838,LGWFF6A50LH250003,2025-07-15 07:32:35,115.46333748333332,38.919894633333335,2025-07-15 07:43:29,115.46333748333332,38.919894633333335,4,654
163559307596529838,LGWFF6A50LH250003,2025-07-15 07:55:28,115.46549338333334,38.83051356666667,2025-07-15 08:00:54,115.46549338333334,38.83051356666667,4,326
163559307596529838,LGWFF6A50LH250003,2025-07-15 18:14:30,115.453218,38.805808,2025-07-15 18:14:31,115.453218,38.805808,4,0
163559307596529838,LGWFF6A50LH250003,2025-07-15 18:14:34,115.453218,38.805808,2025-07-15 18:15:01,115.453218,38.805808,4,27
163559307596529838,LGWFF6A50LH250003,2025-07-15 18:15:06,115.45315131666666,38.805776300000005,2025-07-15 18:15:14,115.45315131666666,38.805776300000005,4,8
163559307596529838,LGWFF6A50LH250003,2025-07-15 18:15:19,115.46255141666668,38.87223098333333,2025-07-15 18:30:37,115.46255141666668,38.87223098333333,4,918
163559307596529838,LGWFF6A50LH250003,2025-07-17 11:56:06,115.45937,38.832359,2025-07-17 12:01:09,115.45937,38.832359,4,303
163559307596529838,LGWFF6A50LH250003,2025-07-19 19:30:01,115.86251558333332,39.24087993333333,2025-07-19 19:46:04,115.86251558333332,39.24087993333333,4,962
163559307596529838,LGWFF6A50LH250003,2025-07-19 19:59:30,115.45963988333332,38.82850985,2025-07-19 20:02:48,115.45963988333332,38.82850985,4,197
163559307596529838,LGWFF6A50LH250003,2025-07-20 08:09:56,115.459307,38.832307,2025-07-20 08:10:40,115.459307,38.832307,4,44
163559307596529838,LGWFF6A50LH250003,2025-07-20 08:10:44,115.45936443333332,38.83237776666667,2025-07-20 08:11:05,115.45936443333332,38.83237776666667,4,20
163559307596529838,LGWFF6A50LH250003,2025-07-20 08:11:08,115.4422695,38.9266355,2025-07-20 08:33:41,115.4422695,38.9266355,4,1353
163559307596529838,LGWFF6A50LH250003,2025-07-20 08:33:43,115.52579523333334,38.77402851666667,2025-07-20 09:20:16,115.52579523333334,38.77402851666667,4,2793
163559307596529838,LGWFF6A50LH250003,2025-07-20 09:20:16,116.22,38.43,2025-07-20 09:21:22,116.22,38.43,4,65
163559307596529838,LGWFF6A50LH250003,2025-07-20 09:23:20,116.216379,38.426604,2025-07-20 09:24:24,116.216379,38.426604,4,64
163559307596529838,LGWFF6A50LH250003,2025-07-20 09:30:47,115.458262,38.920521,2025-07-20 11:25:33,115.458262,38.920521,4,6885
163559307596529838,LGWFF6A50LH250003,2025-07-20 14:32:38,117.234485,37.896007,2025-07-20 14:34:12,117.234485,37.896007,4,94
163559307596529838,LGWFF6A50LH250003,2025-07-20 14:34:15,117.23489003333334,37.89663136666666,2025-07-20 14:43:47,117.23489003333334,37.89663136666666,4,571
163559307596529838,LGWFF6A50LH250003,2025-07-20 14:43:47,117.03325851666663,39.38442245,2025-07-20 14:44:11,117.03325851666663,39.38442245,4,24
163559307596529838,LGWFF6A50LH250003,2025-07-20 14:44:15,117.24666965,37.93513371666666,2025-07-20 14:44:32,117.24666965,37.93513371666666,4,17
163559307596529838,LGWFF6A50LH250003,2025-07-20 14:44:34,117.24802705,37.93508656666667,2025-07-20 14:48:05,117.24802705,37.93508656666667,4,211
163559307596529838,LGWFF6A50LH250003,2025-07-20 14:48:06,117.714985,39.094397,2025-07-20 14:59:21,117.714985,39.094397,4,674
163559307596529838,LGWFF6A50LH250003,2025-07-20 14:59:26,117.79173316666666,39.06071476666667,2025-07-20 15:03:45,117.79173316666666,39.06071476666667,4,258
163559307596529838,LGWFF6A50LH250003,2025-07-20 18:22:18,117.31552,37.952041,2025-07-20 18:24:06,117.31552,37.952041,4,108
163559307596529838,LGWFF6A50LH250003,2025-07-21 07:02:07,117.315472,37.95203,2025-07-21 07:02:28,117.315472,37.95203,4,21
163559307596529838,LGWFF6A50LH250003,2025-07-21 07:02:30,117.315534,37.952074,2025-07-21 07:03:14,117.315534,37.952074,4,44
163559307596529838,LGWFF6A50LH250003,2025-07-21 07:03:18,117.31552898333332,37.95207296666667,2025-07-21 07:43:11,117.31552898333332,37.95207296666667,4,2393
163559307596529838,LGWFF6A50LH250003,2025-07-21 07:43:13,115.5502701,38.86975563333333,2025-07-21 07:52:08,115.5502701,38.86975563333333,4,535
163559307596529838,LGWFF6A50LH250003,2025-07-21 07:52:10,117.55141861666668,37.75938058333334,2025-07-21 08:41:48,117.55141861666668,37.75938058333334,4,2977
163559307596529838,LGWFF6A50LH250003,2025-07-21 08:41:54,117.9,37.52,2025-07-21 08:43:08,117.9,37.52,4,73
163559307596529838,LGWFF6A50LH250003,2025-07-21 08:47:54,117.90179,37.52223,2025-07-21 08:49:09,117.90179,37.52223,4,75
163559307596529838,LGWFF6A50LH250003,2025-07-21 08:49:51,117.9,37.52,2025-07-21 08:51:01,117.9,37.52,4,70
163559307596529838,LGWFF6A50LH250003,2025-07-21 08:51:01,117.901789,37.522229,2025-07-21 08:51:42,117.901789,37.522229,4,41
163559307596529838,LGWFF6A50LH250003,2025-07-21 08:51:48,115.49973153333332,38.92220575,2025-07-21 09:40:53,115.49973153333332,38.92220575,4,2944
163559307596529838,LGWFF6A50LH250003,2025-07-21 09:41:24,117.95657725,36.8587652,2025-07-21 09:50:15,117.95657725,36.8587652,4,531
163559307596529838,LGWFF6A50LH250003,2025-07-21 09:57:43,118.062301,36.859918,2025-07-21 09:59:32,118.062301,36.859918,4,108
163559307596529838,LGWFF6A50LH250003,2025-07-21 10:00:10,115.44645,38.852163,2025-07-21 10:21:31,115.44645,38.852163,4,1281
163559307596529838,LGWFF6A50LH250003,2025-07-21 10:21:53,118.431292,36.826172,2025-07-21 10:26:24,118.431292,36.826172,4,271
163559307596529838,LGWFF6A50LH250003,2025-07-21 10:26:33,115.34283878333332,38.86446678333333,2025-07-21 10:30:51,115.34283878333332,38.86446678333333,4,258
163559307596529838,LGWFF6A50LH250003,2025-07-21 10:30:51,115.32967445,38.86577833333333,2025-07-21 10:40:11,115.32967445,38.86577833333333,4,560
163559307596529838,LGWFF6A50LH250003,2025-07-21 10:40:11,,,2025-07-21 10:40:45,,,4,34
163559307596529838,LGWFF6A50LH250003,2025-07-21 10:40:47,115.45342398333332,38.884789016666666,2025-07-21 10:44:51,115.45342398333332,38.884789016666666,4,244
163559307596529838,LGWFF6A50LH250003,2025-07-21 10:44:53,115.2323267,38.8962281,2025-07-21 10:59:06,115.2323267,38.8962281,4,852
163559307596529838,LGWFF6A50LH250003,2025-07-21 10:59:06,115.22846428333332,38.89509835,2025-07-21 11:01:18,115.22846428333332,38.89509835,4,131
163559307596529838,LGWFF6A50LH250003,2025-07-21 11:03:55,119.005853,36.565118,2025-07-21 11:05:03,119.005853,36.565118,4,67
163559307596529838,LGWFF6A50LH250003,2025-07-21 11:05:03,119.01,36.57,2025-07-21 11:07:28,119.01,36.57,4,144
163559307596529838,LGWFF6A50LH250003,2025-07-21 11:11:47,119.005856,36.56512,2025-07-21 11:12:06,119.005856,36.56512,4,18
163559307596529838,LGWFF6A50LH250003,2025-07-21 11:13:04,115.499612,38.92182,2025-07-21 11:22:57,115.499612,38.92182,4,593
163559307596529838,LGWFF6A50LH250003,2025-07-21 11:22:57,117.034068,39.384769,2025-07-21 11:29:31,117.034068,39.384769,4,393
163559307596529838,LGWFF6A50LH250003,2025-07-21 11:29:31,115.46327666666666,38.91993695,2025-07-21 11:39:21,115.46327666666666,38.91993695,4,590
163559307596529838,LGWFF6A50LH250003,2025-07-21 11:40:25,119.21767,36.191828,2025-07-21 11:41:31,119.21767,36.191828,4,66
163559307596529838,LGWFF6A50LH250003,2025-07-21 11:43:23,119.22867,36.15509,2025-07-21 11:43:32,119.22867,36.15509,4,9
163559307596529838,LGWFF6A50LH250003,2025-07-21 11:43:32,114.036808,22.561938,2025-07-21 11:47:58,114.036808,22.561938,4,265
163559307596529838,LGWFF6A50LH250003,2025-07-21 11:48:02,115.46171536666668,38.905729533333336,2025-07-21 11:54:51,115.46171536666668,38.905729533333336,4,408
163559307596529838,LGWFF6A50LH250003,2025-07-21 11:54:53,119.26667503333334,35.932600083333334,2025-07-21 11:56:00,119.26667503333334,35.932600083333334,4,67
163559307596529838,LGWFF6A50LH250003,2025-07-21 11:56:04,119.270503,35.913149383333334,2025-07-21 11:58:07,119.270503,35.913149383333334,4,123
163559307596529838,LGWFF6A50LH250003,2025-07-21 11:58:07,124.32920773333332,43.30050334999999,2025-07-21 11:59:27,124.32920773333332,43.30050334999999,4,80
163559307596529838,LGWFF6A50LH250003,2025-07-21 11:59:36,117.87548551666666,39.328769400000006,2025-07-21 12:47:34,117.87548551666666,39.328769400000006,4,2878
163559307596529838,LGWFF6A50LH250003,2025-07-21 12:47:36,117.979986,39.415713,2025-07-21 13:04:56,117.979986,39.415713,4,1040
163559307596529838,LGWFF6A50LH250003,2025-07-21 13:04:56,119.6,35.47,2025-07-21 13:07:09,119.6,35.47,4,133
163559307596529838,LGWFF6A50LH250003,2025-07-21 13:26:38,,,2025-07-21 13:27:01,,,4,22
163559307596529838,LGWFF6A50LH250003,2025-07-21 13:27:12,,,2025-07-21 13:27:58,,,4,46
163559307596529838,LGWFF6A50LH250003,2025-07-21 13:28:00,118.16045171666669,39.638640083333335,2025-07-21 13:32:00,118.16045171666669,39.638640083333335,4,239
163559307596529838,LGWFF6A50LH250003,2025-07-21 13:32:01,118.16045048333332,39.63863903333333,2025-07-21 13:38:15,118.16045048333332,39.63863903333333,4,373
163559307596529838,LGWFF6A50LH250003,2025-07-21 13:38:25,115.46243758333334,38.88108063333333,2025-07-21 13:42:34,115.46243758333334,38.88108063333333,4,248
163559307596529838,LGWFF6A50LH250003,2025-07-21 14:30:13,115.454854,38.837161,2025-07-21 14:50:24,115.454854,38.837161,4,1210
163559307596529838,LGWFF6A50LH250003,2025-07-21 17:51:26,113.923201,22.576557,2025-07-21 17:53:09,113.923201,22.576557,4,103
163559307596529838,LGWFF6A50LH250003,2025-07-21 18:07:59,,,2025-07-21 18:11:12,,,4,193
163559307596529838,LGWFF6A50LH250003,2025-07-21 18:11:14,119.6,35.47,2025-07-21 18:14:58,119.6,35.47,4,223
163559307596529838,LGWFF6A50LH250003,2025-07-21 18:14:58,119.6,35.47,2025-07-21 18:16:00,119.6,35.47,4,61
163559307596529838,LGWFF6A50LH250003,2025-07-21 18:52:40,,,2025-07-21 18:53:53,,,4,73
163559307596529838,LGWFF6A50LH250003,2025-07-21 18:53:57,,,2025-07-21 18:54:02,,,4,4
163559307596529838,LGWFF6A50LH250003,2025-07-21 18:54:05,111.670119,40.873541,2025-07-21 18:57:24,111.670119,40.873541,4,198
163559307596529838,LGWFF6A50LH250003,2025-07-21 21:32:56,119.6,35.47,2025-07-21 21:36:40,119.6,35.47,4,224
163559307596529838,LGWFF6A50LH250003,2025-07-22 07:48:32,117.044775,39.38183,2025-07-22 08:23:32,117.044775,39.38183,4,2100
163559307596529838,LGWFF6A50LH250003,2025-07-22 08:26:42,,,2025-07-22 08:26:50,,,4,7
163559307596529838,LGWFF6A50LH250003,2025-07-22 08:26:53,,,2025-07-22 08:28:16,,,4,82
163559307596529838,LGWFF6A50LH250003,2025-07-22 10:48:29,117.288621,39.768979,2025-07-22 11:25:27,117.288621,39.768979,4,2218
163559307596529838,LGWFF6A50LH250003,2025-07-22 12:20:11,,,2025-07-22 12:20:20,,,4,8
163559307596529838,LGWFF6A50LH250003,2025-07-22 12:20:20,,,2025-07-22 12:20:20,,,4,0
163559307596529838,LGWFF6A50LH250003,2025-07-22 12:20:38,,,2025-07-22 12:20:45,,,4,6
163559307596529838,LGWFF6A50LH250003,2025-07-22 12:20:47,119.6,35.47,2025-07-22 12:22:09,119.6,35.47,4,82
163559307596529838,LGWFF6A50LH250003,2025-07-22 16:15:22,115.45809,38.830257,2025-07-22 16:46:54,115.45809,38.830257,4,1891
163559307596529838,LGWFF6A50LH250003,2025-07-22 19:28:44,115.4300082,39.01197866666666,2025-07-22 19:29:14,115.4300082,39.01197866666666,4,29
163559307596529838,LGWFF6A50LH250003,2025-07-22 19:29:14,,,2025-07-22 19:29:26,,,4,12
163559307596529838,LGWFF6A50LH250003,2025-07-22 19:29:26,,,2025-07-22 19:29:26,,,4,0
163559307596529838,LGWFF6A50LH250003,2025-07-22 19:29:53,117.034054,39.384918,2025-07-22 19:30:03,117.034054,39.384918,4,9
163559307596529838,LGWFF6A50LH250003,2025-07-22 19:30:03,,,2025-07-22 19:30:03,,,4,0
163559307596529838,LGWFF6A50LH250003,2025-07-22 19:30:10,,,2025-07-22 19:30:13,,,4,2
163559307596529838,LGWFF6A50LH250003,2025-07-22 19:30:17,,,2025-07-22 19:30:17,,,4,0
163559307596529838,LGWFF6A50LH250003,2025-07-22 19:30:26,,,2025-07-22 19:30:26,,,4,0
163559307596529838,LGWFF6A50LH250003,2025-07-22 19:30:33,117.03448433333332,39.38465008333333,2025-07-22 19:35:38,117.03448433333332,39.38465008333333,4,305
163559307596529838,LGWFF6A50LH250003,2025-07-23 05:56:43,,,2025-07-23 05:56:52,,,4,9
163559307596529838,LGWFF6A50LH250003,2025-07-23 05:56:52,,,2025-07-23 05:56:52,,,4,0
163559307596529838,LGWFF6A50LH250003,2025-07-23 05:57:19,,,2025-07-23 05:57:28,,,4,9
163559307596529838,LGWFF6A50LH250003,2025-07-23 05:57:28,,,2025-07-23 05:57:28,,,4,0
163559307596529838,LGWFF6A50LH250003,2025-07-23 05:57:36,,,2025-07-23 05:58:03,,,4,26
163559307596529838,LGWFF6A50LH250003,2025-07-23 05:58:03,,,2025-07-23 05:58:12,,,4,9
163559307596529838,LGWFF6A50LH250003,2025-07-23 05:58:12,,,2025-07-23 05:58:12,,,4,0
163559307596529838,LGWFF6A50LH250003,2025-07-23 06:00:33,,,2025-07-23 06:00:35,,,4,1
163559307596529838,LGWFF6A50LH250003,2025-07-23 06:00:35,,,2025-07-23 06:00:35,,,4,0
163559307596529838,LGWFF6A50LH250003,2025-07-23 09:00:59,,,2025-07-23 09:01:28,,,4,28
163559307596529838,LGWFF6A50LH250003,2025-07-23 09:01:28,,,2025-07-23 09:01:38,,,4,9
163559307596529838,LGWFF6A50LH250003,2025-07-23 09:01:38,,,2025-07-23 09:01:38,,,4,0
163559307596529838,LGWFF6A50LH250003,2025-07-23 09:01:46,,,2025-07-23 09:02:13,,,4,26
163559307596529838,LGWFF6A50LH250003,2025-07-23 09:02:13,,,2025-07-23 09:02:21,,,4,7
163559307596529838,LGWFF6A50LH250003,2025-07-23 09:02:21,,,2025-07-23 09:02:21,,,4,0
163559307596529838,LGWFF6A50LH250003,2025-07-23 09:02:57,,,2025-07-23 09:03:17,,,4,19
163559307596529838,LGWFF6A50LH250003,2025-07-23 09:33:56,,,2025-07-23 09:33:59,,,4,2
163559307596529838,LGWFF6A50LH250003,2025-07-23 09:33:59,,,2025-07-23 09:33:59,,,4,0
163559307596529838,LGWFF6A50LH250003,2025-07-23 09:34:07,,,2025-07-23 09:34:37,,,4,30
163559307596529838,LGWFF6A50LH250003,2025-07-23 09:34:37,,,2025-07-23 09:34:48,,,4,11
163559307596529838,LGWFF6A50LH250003,2025-07-23 09:34:48,,,2025-07-23 09:34:48,,,4,0
163559307596529838,LGWFF6A50LH250003,2025-07-23 09:35:12,,,2025-07-23 09:35:20,,,4,8
163559307596529838,LGWFF6A50LH250003,2025-07-23 09:35:20,,,2025-07-23 09:35:20,,,4,0
163559307596529838,LGWFF6A50LH250003,2025-07-23 09:35:27,,,2025-07-23 09:35:27,,,4,0
163559307596529838,LGWFF6A50LH250003,2025-07-23 09:35:56,,,2025-07-23 09:41:01,,,4,305
163559307596529838,LGWFF6A50LH250003,2025-07-23 09:47:35,,,2025-07-23 09:52:40,,,4,305
163559307596529838,LGWFF6A50LH250003,2025-07-23 10:05:14,,,2025-07-23 10:05:47,,,3,32
163559307596529838,LGWFF6A50LH250003,2025-07-23 10:36:08,119.55992683333334,35.39716298333334,2025-07-23 10:37:01,119.55992683333334,35.39716298333334,4,52
163559307596529838,LGWFF6A50LH250003,2025-07-23 10:37:08,,,2025-07-23 10:37:13,,,4,4
163559307596529838,LGWFF6A50LH250003,2025-07-23 10:37:15,119.56,35.4,2025-07-23 10:42:03,119.56,35.4,4,287
163559307596529838,LGWFF6A50LH250003,2025-08-05 14:37:30,,,2025-08-05 14:37:48,,,3,18
163559307596529838,LGWFF6A50LH250003,2025-08-05 14:38:08,,,2025-08-05 14:40:54,,,3,166
163559307596529838,LGWFF6A50LH250003,2025-08-06 18:10:26,,,2025-08-06 18:11:12,,,3,45
163559307596529838,LGWFF6A50LH250003,2025-08-12 09:02:23,,,2025-08-12 09:04:26,,,3,123
163559307596529838,LGWFF6A50LH250003,2025-08-13 07:48:32,113.93180003333332,22.576470166666663,2025-08-13 07:55:00,113.93180003333332,22.576470166666663,4,388
163559307596529838,LGWFF6A50LH250003,2025-08-13 07:55:01,115.490412,38.804897,2025-08-13 08:02:21,115.490412,38.804897,4,439
163559307596529838,LGWFF6A50LH250003,2025-08-13 17:59:13,115.452864,38.810942,2025-08-13 18:00:14,115.452864,38.810942,4,61
163559307596529838,LGWFF6A50LH250003,2025-08-13 18:00:56,115.4975187,38.8281603,2025-08-13 18:12:35,115.4975187,38.8281603,4,699
163559307596529838,LGWFF6A50LH250003,2025-08-16 07:51:58,115.459328,38.832389,2025-08-16 07:54:06,115.459328,38.832389,4,127
163559307596529838,LGWFF6A50LH250003,2025-08-16 07:54:06,115.45946501666668,38.8199449,2025-08-16 08:06:12,115.45946501666668,38.8199449,4,725
163559307596529838,LGWFF6A50LH250003,2025-08-16 17:53:01,115.457357,38.831017,2025-08-16 18:02:35,115.457357,38.831017,4,573
163559307596529838,LGWFF6A50LH250003,2025-08-16 18:02:36,115.459463,38.832724,2025-08-16 18:26:48,115.459463,38.832724,4,1451
163559307596529838,LGWFF6A50LH250003,2025-08-16 18:27:06,115.452911,38.811264,2025-08-16 18:48:05,115.452911,38.811264,4,1259
163559307596529838,LGWFF6A50LH250003,2025-08-18 07:48:14,115.5031154,38.86270321666667,2025-08-18 08:02:23,115.5031154,38.86270321666667,4,849
163559307596529838,LGWFF6A50LH250003,2025-08-18 18:45:11,115.45321,38.805736,2025-08-18 18:57:40,115.45321,38.805736,4,748
163559307596529838,LGWFF6A50LH250003,2025-08-18 18:57:48,115.4593655,38.83238911666667,2025-08-18 19:01:07,115.4593655,38.83238911666667,4,198
163559307596529838,LGWFF6A50LH250003,2025-08-19 07:56:29,115.459364,38.832375,2025-08-19 08:10:15,115.459364,38.832375,4,826
163559307596529838,LGWFF6A50LH250003,2025-08-19 17:46:28,115.458158,38.831162,2025-08-19 18:02:30,115.458158,38.831162,4,961
163559307596529838,LGWFF6A50LH250003,2025-08-21 07:44:31,115.490384,38.804285,2025-08-21 07:48:36,115.490384,38.804285,4,244
163559307596529838,LGWFF6A50LH250003,2025-08-21 07:48:37,115.45949218333332,38.82060778333334,2025-08-21 07:49:35,115.45949218333332,38.82060778333334,4,57
163559307596529838,LGWFF6A50LH250003,2025-08-21 07:49:37,115.45945206666666,38.81923908333333,2025-08-21 07:58:33,115.45945206666666,38.81923908333333,4,535
163559307596529838,LGWFF6A50LH250003,2025-08-21 17:53:26,115.44328536666666,38.879420366666665,2025-08-21 18:07:31,115.44328536666666,38.879420366666665,4,845
163559307596529838,LGWFF6A50LH250003,2025-08-21 18:07:33,115.45962758333332,38.83279396666667,2025-08-21 18:12:26,115.45962758333332,38.83279396666667,4,293
163559307596529838,LGWFF6A50LH250003,2025-08-24 08:27:46,117.045488,39.381214,2025-08-24 08:29:39,117.045488,39.381214,4,113
163559307596529838,LGWFF6A50LH250003,2025-08-27 07:47:47,117.26,31.74,2025-08-27 08:14:47,117.26,31.74,4,1620
163559307596529838,LGWFF6A50LH250003,2025-08-27 17:42:10,115.46,38.83,2025-08-27 18:16:21,115.46,38.83,4,2051
163559307596529838,LGWFF6A50LH250003,2025-09-02 19:39:36,,,2025-09-02 19:40:00,,,3,24
163559307596529838,LGWFF6A50LH250003,2025-09-04 07:53:47,113.98331703333334,22.5517309,2025-09-04 08:06:59,113.98331703333334,22.5517309,4,791
163559307596529838,LGWFF6A50LH250003,2025-09-04 11:54:08,,,2025-09-04 11:55:10,,,3,61
163559307596529838,LGWFF6A50LH250003,2025-09-04 17:56:53,113.984293,22.550896,2025-09-04 18:15:44,113.984293,22.550896,4,1131
163559307596529838,LGWFF6A50LH250003,2025-09-04 18:16:30,115.452929,38.811235,2025-09-04 18:17:14,115.452929,38.811235,4,44
163559307596529838,LGWFF6A50LH250003,2025-09-04 18:18:24,115.452925,38.811237,2025-09-04 18:34:18,115.452925,38.811237,4,954
163559307596529838,LGWFF6A50LH250003,2025-09-05 07:50:40,115.463266,38.91992,2025-09-05 07:58:50,115.463266,38.91992,4,490
163559307596529838,LGWFF6A50LH250003,2025-09-05 07:58:50,115.45784923333332,38.81251558333334,2025-09-05 07:58:51,115.45784923333332,38.81251558333334,4,0
163559307596529838,LGWFF6A50LH250003,2025-09-05 16:51:09,,,2025-09-05 16:51:59,,,3,50
163559307596529838,LGWFF6A50LH250003,2025-09-05 17:41:49,115.458559,38.830666,2025-09-05 18:03:10,115.458559,38.830666,4,1281
163559307596529838,LGWFF6A50LH250003,2025-09-12 10:00:24,,,2025-09-12 10:03:34,,,3,189
163559307596529838,LGWFF6A50LH250003,2025-09-13 07:46:42,115.484443,39.046092,2025-09-13 07:51:43,115.484443,39.046092,4,301
163559307596529838,LGWFF6A50LH250003,2025-09-13 07:51:59,115.459501,38.820286,2025-09-13 07:52:00,115.459501,38.820286,4,1
163559307596529838,LGWFF6A50LH250003,2025-09-13 07:52:00,,,2025-09-13 07:52:00,,,4,0
163559307596529838,LGWFF6A50LH250003,2025-09-13 16:48:38,,,2025-09-13 16:50:07,,,3,88
163559307596529838,LGWFF6A50LH250003,2025-10-14 18:21:51,115.89,39.27,2025-10-14 18:33:35,115.89,39.27,4,704
163559307596529838,LGWFF6A50LH250003,2025-12-03 07:32:46,,,2025-12-03 07:33:12,,,3,26
163559307596529838,LGWFF6A50LH250003,2025-12-03 07:34:29,115.49,38.8,2025-12-03 07:34:51,115.49,38.8,4,21
163559307596529838,LGWFF6A50LH250003,2025-12-03 07:34:51,,,2025-12-03 07:34:51,,,3,0
163559307596529838,LGWFF6A50LH250003,2025-12-03 07:36:13,115.491486,38.80422,2025-12-03 07:47:08,115.491486,38.80422,4,654
163559307596529838,LGWFF6A50LH250003,2025-12-03 07:47:19,115.45397668333332,38.812730083333335,2025-12-03 07:54:32,115.45397668333332,38.812730083333335,4,432
163559307596529838,LGWFF6A50LH250003,2025-12-03 07:54:33,115.45,38.81,2025-12-03 07:56:01,115.45,38.81,4,88
163559307596529838,LGWFF6A50LH250003,2025-12-03 18:40:23,115.46,38.81,2025-12-03 18:41:10,115.46,38.81,4,47
163559307596529838,LGWFF6A50LH250003,2025-12-03 18:42:00,115.45960213333336,38.81767263333334,2025-12-03 18:42:29,115.45960213333336,38.81767263333334,4,28
163559307596529838,LGWFF6A50LH250003,2025-12-03 18:42:29,,,2025-12-03 18:42:29,,,4,0
163559307596529838,LGWFF6A50LH250003,2025-12-03 18:57:08,115.46,38.83,2025-12-03 18:58:23,115.46,38.83,4,74
163559307596529838,LGWFF6A50LH250003,2025-12-05 07:44:45,115.45920555,38.83237851666667,2025-12-05 07:47:19,115.45920555,38.83237851666667,4,154
163559307596529838,LGWFF6A50LH250003,2025-12-19 18:56:48,115.4484712,38.824502433333336,2025-12-19 19:07:22,115.4484712,38.824502433333336,4,634
163559307596529838,LGWFF6A50LH250003,2025-12-22 17:04:51,115.459349,38.832352,2025-12-22 17:04:59,115.459349,38.832352,4,8
163559307596529838,LGWFF6A50LH250003,2025-12-27 09:58:06,114.055939,22.657501,2025-12-27 09:58:27,114.055939,22.657501,4,20
163559307596529838,LGWFF6A50LH250003,2025-12-27 09:58:27,114.055939,22.657501,2025-12-27 09:59:14,114.055939,22.657501,4,47
163559307596529838,LGWFF6A50LH250003,2025-12-27 09:59:23,115.459548,38.832592,2025-12-27 10:12:27,115.459548,38.832592,4,783
163559307596529838,LGWFF6A50LH250003,2025-12-27 11:21:17,,,2025-12-27 11:22:02,,,3,45
163559307596529838,LGWFF6A50LH250003,2025-12-27 11:22:02,,,2025-12-27 11:22:05,,,4,2
163559307596529838,LGWFF6A50LH250003,2025-12-27 11:22:05,,,2025-12-27 11:22:13,,,3,7
163559307596529838,LGWFF6A50LH250003,2025-12-27 11:22:13,115.45048948333331,38.81338688333334,2025-12-27 11:45:03,115.45048948333331,38.81338688333334,4,1370
163559307596529838,LGWFF6A50LH250003,2025-12-27 11:46:58,115.459334,38.832341,2025-12-27 11:47:43,115.459334,38.832341,4,44
163559307596529838,LGWFF6A50LH250003,2025-12-27 20:06:32,115.459364,38.832334,2025-12-27 20:07:26,115.459364,38.832334,4,53
163559307596529838,LGWFF6A50LH250003,2025-12-28 07:31:15,115.459303,38.832431,2025-12-28 07:35:53,115.459303,38.832431,4,277
163559307596529838,LGWFF6A50LH250003,2025-12-28 07:36:01,115.459658,38.828029,2025-12-28 07:36:02,115.459658,38.828029,4,1
163559307596529838,LGWFF6A50LH250003,2025-12-28 07:36:02,115.459658,38.828029,2025-12-28 07:44:15,115.459658,38.828029,4,492
163559307596529838,LGWFF6A50LH250003,2025-12-28 08:15:38,,,2025-12-28 08:16:49,,,3,71
163559307596529838,LGWFF6A50LH250003,2025-12-28 09:56:18,115.45948966666668,38.81242673333334,2025-12-28 10:01:14,115.45948966666668,38.81242673333334,4,295
163559307596529838,LGWFF6A50LH250003,2025-12-28 10:23:54,115.481968,38.77764,2025-12-28 10:35:22,115.481968,38.77764,4,688
163559307596529838,LGWFF6A50LH250003,2025-12-28 10:42:59,115.471674,38.807537,2025-12-28 10:45:18,115.471674,38.807537,4,139
163559307596529838,LGWFF6A50LH250003,2025-12-28 10:50:14,115.475066,38.808033,2025-12-28 11:01:23,115.475066,38.808033,4,668
163559307596529838,LGWFF6A50LH250003,2025-12-28 13:45:55,115.452283,38.807553,2025-12-28 13:53:52,115.452283,38.807553,4,477
163559307596529838,LGWFF6A50LH250003,2025-12-28 14:11:50,115.459469,38.813515,2025-12-28 14:19:53,115.459469,38.813515,4,483
163559307596529838,LGWFF6A50LH250003,2025-12-28 14:24:22,115.471268,38.807557,2025-12-28 14:27:10,115.471268,38.807557,4,168
163559307596529838,LGWFF6A50LH250003,2025-12-28 14:31:30,115.475028,38.808013,2025-12-28 14:43:13,115.475028,38.808013,4,702
163559307596529838,LGWFF6A50LH250003,2025-12-28 17:35:30,115.452546,38.807515,2025-12-28 17:37:29,115.452546,38.807515,4,118
163559307596529838,LGWFF6A50LH250003,2025-12-28 17:37:29,115.45307946666664,38.8128064,2025-12-28 17:50:06,115.45307946666664,38.8128064,4,756
163559307596529838,LGWFF6A50LH250003,2025-12-30 07:45:14,115.459355,38.832354,2025-12-30 08:06:06,115.459355,38.832354,4,1252
163559307596529838,LGWFF6A50LH250003,2025-12-30 08:10:31,115.453376,38.805942,2025-12-30 08:11:15,115.453376,38.805942,4,43
163559307596529838,LGWFF6A50LH250003,2025-12-30 19:15:44,,,2025-12-30 19:16:22,,,3,37
163559307596529838,LGWFF6A50LH250003,2025-12-31 17:41:11,115.45,38.81,2025-12-31 17:43:34,115.45,38.81,4,143
163559307596529838,LGWFF6A50LH250003,2025-12-31 17:44:10,115.45349246666667,38.80585293333333,2025-12-31 17:51:12,115.45349246666667,38.80585293333333,4,421
163559307596529838,LGWFF6A50LH250003,2025-12-31 17:51:12,,,2025-12-31 17:52:02,,,3,50
163559307596529838,LGWFF6A50LH250003,2025-12-31 17:52:02,,,2025-12-31 17:52:14,,,4,11
163559307596529838,LGWFF6A50LH250003,2025-12-31 17:52:14,,,2025-12-31 17:52:34,,,3,19
163559307596529838,LGWFF6A50LH250003,2025-12-31 17:52:49,,,2025-12-31 17:52:50,,,3,1
163559307596529838,LGWFF6A50LH250003,2025-12-31 17:52:50,,,2025-12-31 17:53:44,,,3,54
163559307596529838,LGWFF6A50LH250003,2025-12-31 17:53:44,115.45348056666666,38.805859250000005,2025-12-31 17:54:17,115.45348056666666,38.805859250000005,4,32
163559307596529838,LGWFF6A50LH250003,2025-12-31 17:54:17,,,2025-12-31 17:55:48,,,3,90
163559307596529838,LGWFF6A50LH250003,2025-12-31 17:55:48,115.457173,38.830719,2025-12-31 18:16:11,115.457173,38.830719,4,1222
163559307596529838,LGWFF6A50LH250003,2025-12-31 18:16:11,,,2025-12-31 18:19:00,,,3,168
163559307596529838,LGWFF6A50LH250003,2025-12-31 18:19:00,115.4966327,38.81514555,2025-12-31 18:20:38,115.4966327,38.81514555,4,97
163559307596529838,LGWFF6A50LH250003,2026-01-03 11:28:32,115.39998448333333,38.825969666666666,2026-01-03 11:44:12,115.39998448333333,38.825969666666666,4,940
163559307596529838,LGWFF6A50LH250003,2026-01-05 17:48:48,115.45994376666668,38.83389108333333,2026-01-05 18:05:00,115.45994376666668,38.83389108333333,4,972
